,Model_Vector,Accuracy_Test,Prescision_Test,Recall_Test,F1Score_Test,ROC_Curve
0,GBM_CountVect,0.7908571428571428,0.8516812528788577,0.7043809523809523,0.7710592160133445,0.8514070929705215
