,Model_Vector,Accuracy_Test,Prescision_Test,Recall_Test,F1Score_Test,ROC_Curve
0,RF_Glove2,0.803047619047619,0.85121412803532,0.7344761904761905,0.7885480572597137,0.8609078276643991
