,Model_Vector,Accuracy_Test,Prescision_Test,Recall_Test,F1Score_Test,ROC_Curve
0,Logi_CountVect,0.8123809523809524,0.8399668325041459,0.7718095238095238,0.8044470915227317,0.8692337777777778
