,Model_Vector,Accuracy_Test,Prescision_Test,Recall_Test,F1Score_Test,ROC_Curve
0,SVM_TF-IDF,0.8057142857142857,0.8298397040690506,0.7691428571428571,0.7983392645314353,0.8686435555555555
