,Model_Vector,Accuracy_Test,Prescision_Test,Recall_Test,F1Score_Test,ROC_Curve
0,XGB_CountVect,0.8127619047619048,0.8469991546914624,0.7634285714285715,0.8030454818673611,0.8762226938775511
